Participant_ID,Blues_1-1,Blues_2-1,Blues_2-2,Blues_3-1,Blues_3-2,Blues_4-1,Blues_4-2,Blues_5-1,Blues_5-2
AA10MA,3638.2331249999993,22699.5625,13184.390624999998,5778.830625,5353.463750000002,3513.384999999999,3010.043125,1780.4412499999996,2677.563125000001
BE17MA,16677.218124999996,7911.986874999996,3999.8487500000015,2646.8687500000005,2500.8475,1519.6993750000004,1875.8018749999994,2226.975,1466.1081249999997
BI21FL,51244.12250000002,25796.582499999986,13475.480625000004,4247.3618750000005,2842.255,690.0937500000001,785.9293749999999,66.35187500000002,89.51000000000006
DA27SV,8972.448125,6549.101875000001,2049.381875,330.66375000000005,462.1975,178.29000000000008,112.40125,173.68875000000008,103.86000000000011
FO09MA,3445.6043750000013,2516.9281250000004,1682.396250000001,879.195,798.813125,680.3162500000002,555.62625,526.7525000000002,498.3200000000001
GI16CA,12116.004375000002,4574.205625000001,4589.367500000001,2621.92625,2612.3924999999995,1638.4393750000002,1543.206875,1423.4931250000002,1071.1356250000003
SU22PA,11878.538125,3465.1537500000013,2085.591875,838.1487500000003,752.3218750000003,1094.1675000000007,1184.07125,709.04875,734.7225000000001
VA10SI,6486.244374999998,10461.38125,12199.388749999996,4683.435,4024.380625,2498.5281250000003,1814.7731250000002,1047.0881250000004,547.1624999999999
ZU17AL,18692.627500000006,7637.517499999997,4901.657500000001,1358.739375,1443.4737499999997,805.4949999999999,894.72125,834.8587499999998,837.841875
